{
  "Mercury": {
    "a_au": 0.38709927,
    "e_rad": 0.20563593,
    "I_deg": 7.00497902,
    "L_deg": 252.25032350,
    "long_peri_deg": 77.45779628,
    "long_node_deg": 48.33076593
  },
  "Venus": {
    "a_au": 0.72333566,
    "e_rad": 0.00677672,
    "I_deg": 3.39467605,
    "L_deg": 181.97909950,
    "long_peri_deg": 131.60246718,
    "long_node_deg": 76.67984255
  },
  "Earth/Moon Barycenter": {
    "a_au": 1.00000261,
    "e_rad": 0.01671123,
    "I_deg": -0.00001531,
    "L_deg": 100.46457166,
    "long_peri_deg": 102.93768193,
    "long_node_deg": 0.0
  },
  "Mars": {
    "a_au": 1.52371034,
    "e_rad": 0.09339410,
    "I_deg": 1.84969142,
    "L_deg": -4.55343205,
    "long_peri_deg": -23.94362959,
    "long_node_deg": 49.55953891
  },
  "Jupiter": {
    "a_au": 5.20288700,
    "e_rad": 0.04838624,
    "I_deg": 1.30439695,
    "L_deg": 34.39644051,
    "long_peri_deg": 14.72847983,
    "long_node_deg": 100.47390909
  },
  "Saturn": {
    "a_au": 9.53667594,
    "e_rad": 0.05386179,
    "I_deg": 2.48599187,
    "L_deg": 49.95424423,
    "long_peri_deg": 92.59887831,
    "long_node_deg": 113.66242448
  },
  "Uranus": {
    "a_au": 19.18916464,
    "e_rad": 0.04725744,
    "I_deg": 0.77263783,
    "L_deg": 313.23810451,
    "long_peri_deg": 170.95427630,
    "long_node_deg": 74.01692503
  },
  "Neptune": {
    "a_au": 30.06992276,
    "e_rad": 0.00859048,
    "I_deg": 1.77004347,
    "L_deg": -55.12002969,
    "long_peri_deg": 44.96476227,
    "long_node_deg": 131.78422574
  }
}
